V121,Cat1,Meta2
V122,Cat2,Meta1
V123,Cat3,Meta3
V124,Cat1,Meta2
V125,Cat3,Meta1
V126,Cat2,Meta1
V127,Cat1,Meta2
V128,Cat2,Meta1
V129,Cat3,Meta3
V131,Cat1,Meta2
V132,Cat3,Meta1
V133,Cat1,Meta2
V134,Cat3,Meta1
V135,Cat2,Meta1
V135,Cat1,Meta2
V136,Cat1,Meta2
V137,Cat3,Meta1
V138,Cat2,Meta1
V139,Cat1,Meta2
V140,Cat3,Meta3
V141,Cat1,Meta2
V142,Cat3,Meta1
V143,Cat2,Meta1
V145,Cat1,Meta2
V146,Cat2,Meta1
V147,Cat3,Meta3
V148,Cat1,Meta2
V149,Cat3,Meta1
V150,Cat2,Meta1
V151,Cat2,Meta1
V152,Cat3,Meta3
V153,Cat1,Meta2
V154,Cat3,Meta1
V155,Cat2,Meta1
